<?xml version="1.0" encoding="UTF-8"?>
<!DOCTYPE mapper PUBLIC "-//mybatis.org//DTD Mapper 3.0//EN" "http://mybatis.org/dtd/mybatis-3-mapper.dtd">
<mapper namespace="com.example.demo.dao.OrderMapper">
  <resultMap id="BaseResultMap" type="com.example.demo.bean.Order">
    <id column="id" jdbcType="INTEGER" property="id" />
    <result column="order_no" jdbcType="VARCHAR" property="orderNo" />
    <result column="create_time" jdbcType="DATE" property="createTime" />
  </resultMap>
  <sql id="Base_Column_List">
    id, order_no, create_time
  </sql>
  <select id="selectByPrimaryKey" parameterType="java.lang.Integer" resultMap="BaseResultMap">
    select 
    <include refid="Base_Column_List" />
    from order
    where id = #{id,jdbcType=INTEGER}
  </select>
  <delete id="deleteByPrimaryKey" parameterType="java.lang.Integer">
    delete from order
    where id = #{id,jdbcType=INTEGER}
  </delete>
  <insert id="insert" parameterType="com.example.demo.bean.Order">
    insert into order (id, order_no, create_time
      )
    values (#{id,jdbcType=INTEGER}, #{orderNo,jdbcType=VARCHAR}, #{createTime,jdbcType=DATE}
      )
  </insert>
  <insert id="insertSelective" parameterType="com.example.demo.bean.Order">
    insert into order
    <trim prefix="(" suffix=")" suffixOverrides=",">
      <if test="id != null">
        id,
      </if>
      <if test="orderNo != null">
        order_no,
      </if>
      <if test="createTime != null">
        create_time,
      </if>
    </trim>
    <trim prefix="values (" suffix=")" suffixOverrides=",">
      <if test="id != null">
        #{id,jdbcType=INTEGER},
      </if>
      <if test="orderNo != null">
        #{orderNo,jdbcType=VARCHAR},
      </if>
      <if test="createTime != null">
        #{createTime,jdbcType=DATE},
      </if>
    </trim>
  </insert>
  <update id="updateByPrimaryKeySelective" parameterType="com.example.demo.bean.Order">
    update order
    <set>
      <if test="orderNo != null">
        order_no = #{orderNo,jdbcType=VARCHAR},
      </if>
      <if test="createTime != null">
        create_time = #{createTime,jdbcType=DATE},
      </if>
    </set>
    where id = #{id,jdbcType=INTEGER}
  </update>
  <update id="updateByPrimaryKey" parameterType="com.example.demo.bean.Order">
    update order
    set order_no = #{orderNo,jdbcType=VARCHAR},
      create_time = #{createTime,jdbcType=DATE}
    where id = #{id,jdbcType=INTEGER}
  </update>
</mapper>